<?xml version="1.0" encoding="UTF-8"?>
<dataroot xmlns:od="urn:schemas-microsoft-com:officedata" xmlns:xsi="http://www.w3.org/2001/XMLSchema-instance"  xsi:noNamespaceSchemaLocation="BAYI.xsd" generated="2020-12-12T22:10:45">
<BAYI>
<BayiID>1</BayiID>
<SehirID>27</SehirID>
<BayiAd>Akdeniz</BayiAd>
<KurulusTarihi>2003-11-05T00:00:00</KurulusTarihi>
<SatisOran>65</SatisOran>
</BAYI>
<BAYI>
<BayiID>2</BayiID>
<SehirID>26</SehirID>
<BayiAd>Koluman</BayiAd>
<KurulusTarihi>2005-12-23T00:00:00</KurulusTarihi>
<SatisOran>90</SatisOran>
</BAYI>
<BAYI>
<BayiID>3</BayiID>
<SehirID>34</SehirID>
<BayiAd>Menger</BayiAd>
<KurulusTarihi>2005-10-18T00:00:00</KurulusTarihi>
<SatisOran>75</SatisOran>
</BAYI>
<BAYI>
<BayiID>4</BayiID>
<SehirID>15</SehirID>
<BayiAd>Yurt</BayiAd>
<KurulusTarihi>2000-07-25T00:00:00</KurulusTarihi>
<SatisOran>80</SatisOran>
</BAYI>
<BAYI>
<BayiID>5</BayiID>
<SehirID>3</SehirID>
<BayiAd>Düzgünler</BayiAd>
<KurulusTarihi>2004-06-17T00:00:00</KurulusTarihi>
<SatisOran>65</SatisOran>
</BAYI>
<BAYI>
<BayiID>6</BayiID>
<SehirID>29</SehirID>
<BayiAd>Mert</BayiAd>
<KurulusTarihi>2004-02-26T00:00:00</KurulusTarihi>
<SatisOran>90</SatisOran>
</BAYI>
<BAYI>
<BayiID>7</BayiID>
<SehirID>17</SehirID>
<BayiAd>Türkiye</BayiAd>
<KurulusTarihi>2001-09-12T00:00:00</KurulusTarihi>
<SatisOran>65</SatisOran>
</BAYI>
<BAYI>
<BayiID>8</BayiID>
<SehirID>5</SehirID>
<BayiAd>Sabah</BayiAd>
<KurulusTarihi>2003-06-30T00:00:00</KurulusTarihi>
<SatisOran>85</SatisOran>
</BAYI>
<BAYI>
<BayiID>9</BayiID>
<SehirID>24</SehirID>
<BayiAd>Anadolu</BayiAd>
<KurulusTarihi>2005-03-14T00:00:00</KurulusTarihi>
<SatisOran>90</SatisOran>
</BAYI>
<BAYI>
<BayiID>10</BayiID>
<SehirID>54</SehirID>
<BayiAd>Merkez</BayiAd>
<KurulusTarihi>2002-06-21T00:00:00</KurulusTarihi>
<SatisOran>60</SatisOran>
</BAYI>
<BAYI>
<BayiID>11</BayiID>
<SehirID>20</SehirID>
<BayiAd>Yavuz</BayiAd>
<KurulusTarihi>2001-04-09T00:00:00</KurulusTarihi>
<SatisOran>80</SatisOran>
</BAYI>
<BAYI>
<BayiID>12</BayiID>
<SehirID>7</SehirID>
<BayiAd>İkizler</BayiAd>
<KurulusTarihi>2005-03-08T00:00:00</KurulusTarihi>
<SatisOran>75</SatisOran>
</BAYI>
<BAYI>
<BayiID>13</BayiID>
<SehirID>38</SehirID>
<BayiAd>Saygılı</BayiAd>
<KurulusTarihi>2002-02-13T00:00:00</KurulusTarihi>
<SatisOran>60</SatisOran>
</BAYI>
<BAYI>
<BayiID>14</BayiID>
<SehirID>22</SehirID>
<BayiAd>Dörtduvar</BayiAd>
<KurulusTarihi>2005-07-02T00:00:00</KurulusTarihi>
<SatisOran>95</SatisOran>
</BAYI>
<BAYI>
<BayiID>15</BayiID>
<SehirID>13</SehirID>
<BayiAd>Cengiz</BayiAd>
<KurulusTarihi>2004-12-17T00:00:00</KurulusTarihi>
<SatisOran>60</SatisOran>
</BAYI>
<BAYI>
<BayiID>16</BayiID>
<SehirID>34</SehirID>
<BayiAd>Kılavuz</BayiAd>
<KurulusTarihi>2004-06-21T00:00:00</KurulusTarihi>
<SatisOran>85</SatisOran>
</BAYI>
<BAYI>
<BayiID>17</BayiID>
<SehirID>21</SehirID>
<BayiAd>Mermerler</BayiAd>
<KurulusTarihi>2001-04-24T00:00:00</KurulusTarihi>
<SatisOran>80</SatisOran>
</BAYI>
<BAYI>
<BayiID>18</BayiID>
<SehirID>10</SehirID>
<BayiAd>Sabit</BayiAd>
<KurulusTarihi>2000-02-04T00:00:00</KurulusTarihi>
<SatisOran>65</SatisOran>
</BAYI>
<BAYI>
<BayiID>19</BayiID>
<SehirID>55</SehirID>
<BayiAd>Dilaver</BayiAd>
<KurulusTarihi>2004-06-28T00:00:00</KurulusTarihi>
<SatisOran>75</SatisOran>
</BAYI>
<BAYI>
<BayiID>20</BayiID>
<SehirID>4</SehirID>
<BayiAd>Sakarya</BayiAd>
<KurulusTarihi>2003-03-21T00:00:00</KurulusTarihi>
<SatisOran>90</SatisOran>
</BAYI>
<BAYI>
<BayiID>21</BayiID>
<SehirID>14</SehirID>
<BayiAd>Aras</BayiAd>
<KurulusTarihi>2005-06-05T00:00:00</KurulusTarihi>
<SatisOran>90</SatisOran>
</BAYI>
<BAYI>
<BayiID>22</BayiID>
<SehirID>6</SehirID>
<BayiAd>Boğaziçi</BayiAd>
<KurulusTarihi>2002-07-02T00:00:00</KurulusTarihi>
<SatisOran>75</SatisOran>
</BAYI>
<BAYI>
<BayiID>23</BayiID>
<SehirID>48</SehirID>
<BayiAd>Hazar</BayiAd>
<KurulusTarihi>2005-03-03T00:00:00</KurulusTarihi>
<SatisOran>75</SatisOran>
</BAYI>
<BAYI>
<BayiID>24</BayiID>
<SehirID>35</SehirID>
<BayiAd>Karatay</BayiAd>
<KurulusTarihi>2001-03-02T00:00:00</KurulusTarihi>
<SatisOran>90</SatisOran>
</BAYI>
<BAYI>
<BayiID>25</BayiID>
<SehirID>25</SehirID>
<BayiAd>Öztürkler</BayiAd>
<KurulusTarihi>2005-01-10T00:00:00</KurulusTarihi>
<SatisOran>80</SatisOran>
</BAYI>
</dataroot>
